word,valence_condition,let,syl,freq_KF,freq_BNC,freq_TV,freq_PG,freq_BN,noun,adjective,ndim1,ndim2,ndim3,ndim4,ndim5,ndim6,ndim7,adim1,adim2,adim3,adim4,adim5,adim6,adim7,adim8,adim9,adim10,p_hit,p_fa,DP,freq_BNC_strat,valence_strat,arousal_strat,set,iter,valence_abs
fun,+,3,1,47,51.128871,253.441867,27.3455,235.490196,1,1,6.28,1.72,5.36,3.2,6.68,5.56,4.96,6.25,2.28,5.43,4.79,5.89,5.72,3.39,6.74,6.6,3.41,0.48,0.16,0.944304,3,2,1,1,15,2.25
happy,+,5,2,103,117.182817,437.738329,162.105,333.196078,0,1,-99,-99,-99,-99,-99,-99,-99,6.27,1.95,5.55,4.83,7,5.8,5.41,6.34,6.54,5.24,-99,-99,-99,3,2,1,1,15,2.27
friendly,+,8,2,61,40.749251,22.283989,48.021,26.039216,0,1,-99,-99,-99,-99,-99,-99,-99,6.42,2,5.22,5.53,6.79,4.62,4.06,5.6,5.47,5.19,-99,-99,-99,3,2,1,1,15,2.42
nice,+,4,1,79,131.718282,557.099727,57.0384,649.509804,0,1,-99,-99,-99,-99,-99,-99,-99,6.01,1.84,6.17,4.73,6.42,4.25,4.33,6.2,6.96,5.04,-99,-99,-99,3,2,1,1,15,2.01
generous,+,8,3,25,23.186813,21.359768,38.3011,16.705882,0,1,-99,-99,-99,-99,-99,-99,-99,6.04,1.99,5.31,3.31,5.68,4.26,4.26,5.64,5.4,4.58,-99,-99,-99,3,2,1,1,15,2.04
brilliant,+,9,2,50,34.945055,35.120388,45.7995,35.803922,0,1,-99,-99,-99,-99,-99,-99,-99,6.5,2.88,5.63,3.72,6.47,4.06,2.93,5.29,6.23,5.22,-99,-99,-99,3,2,2,1,15,2.5
outstanding,+,11,3,37,30.06993,5.13456,2.01027,7.45098,0,1,-99,-99,-99,-99,-99,-99,-99,6.25,3.19,5.06,2.99,6.84,3.75,4.42,6.16,6.66,4.6,-99,-99,-99,3,2,2,1,15,2.25
understanding,+,13,4,120,94.955045,28.274309,51.7133,21.901961,0,1,-99,-99,-99,-99,-99,-99,-99,5.97,2.7,5.28,5.15,6.62,6.02,4.12,6.57,6.58,4.21,-99,-99,-99,3,2,2,1,15,1.97
honest,+,6,2,49,29.57043,104.847709,67.0882,72.333333,0,1,-99,-99,-99,-99,-99,-99,-99,6.27,2.58,5.87,5.11,7,4.58,4.01,6.2,6.03,5.81,-99,-99,-99,3,2,2,1,15,2.27
strong,+,6,1,203,161.078921,105.703469,200.224,86.862745,0,1,-99,-99,-99,-99,-99,-99,-99,6.44,4.62,5.9,4.13,6.92,6.73,3.84,5.77,6.43,5.12,-99,-99,-99,3,2,2,1,15,2.44
devoted,+,7,3,51,25.284715,9.173747,43.0717,8.019608,0,1,-99,-99,-99,-99,-99,-99,-99,5.63,2.68,5.99,4.79,6.04,3.93,5.06,6.07,5.59,5.52,-99,-99,-99,3,1,2,1,15,1.63
moral,+,5,2,142,53.896104,13.384086,75.2535,13.509804,1,1,5.37,3.12,3.7,2.79,5.83,5.08,5,5.2,4.25,4.11,4.36,6.33,4.95,4.18,5.77,5.48,5.35,0.606061,0.045455,1.959688,3,1,2,1,15,1.2
composed,+,8,2,40,20.45954,1.437677,43.9823,1.901961,0,1,-99,-99,-99,-99,-99,-99,-99,5.6,2.85,4.03,4.77,5.39,3.44,3.51,5.85,6.02,5.81,-99,-99,-99,3,1,2,1,15,1.6
efficient,+,9,3,33,39.98002,3.970726,10.2665,4.960784,0,1,-99,-99,-99,-99,-99,-99,-99,5.53,2.78,5.47,5.17,6.47,5.42,3.31,5.57,6,4.91,-99,-99,-99,3,1,2,1,15,1.53
organized,+,9,3,57,24.795205,9.379129,22.2221,10.176471,0,1,-99,-99,-99,-99,-99,-99,-99,5.72,3.12,6.2,5.46,5.99,5.22,3.66,5.52,6.29,5.46,-99,-99,-99,3,1,2,1,15,1.72
clever,+,6,2,17,23.546454,18.518645,32.1145,27.27451,0,1,-99,-99,-99,-99,-99,-99,-99,5.92,2.37,5.1,3.74,6.89,4.96,3.33,6.16,6.33,4.21,-99,-99,-99,3,1,1,1,15,1.92
helpful,+,7,2,29,31.708292,13.384086,4.98968,12.137255,0,1,-99,-99,-99,-99,-99,-99,-99,5.73,2.17,5.34,5.36,6.27,5.28,4.51,6.5,6.93,4.73,-99,-99,-99,3,1,1,1,15,1.73
gentle,+,6,2,27,28.861139,11.501414,62.8564,16.54902,0,1,-99,-99,-99,-99,-99,-99,-99,5.87,2.03,5.65,5.42,6.32,3.81,4.16,5.87,5.72,4.23,-99,-99,-99,3,1,1,1,15,1.87
warm,+,4,1,70,70.26973,53.29673,77.2202,52.137255,0,1,-99,-99,-99,-99,-99,-99,-99,5.85,2.62,5.64,4.77,6.03,4.14,3.4,6.3,6.59,4.61,-99,-99,-99,3,1,1,1,15,1.85
lucky,+,5,2,21,41.098901,192.751371,15.8345,143.45098,0,1,-99,-99,-99,-99,-99,-99,-99,5.86,2.29,5.51,3.8,6.77,5.94,4.03,4.82,6.23,2.52,-99,-99,-99,3,1,1,1,15,1.86
mighty,+,6,2,30,10.28971,13.041782,73.3136,26.568627,0,1,-99,-99,-99,-99,-99,-99,-99,5.47,2.84,5.15,4.19,6.5,3.21,2.61,4.71,5.04,6.09,-99,-99,-99,2,1,2,1,15,1.47
entertaining,+,12,4,12,10.01998,5.442633,-99,5.647059,0,1,-99,-99,-99,-99,-99,-99,-99,5.27,3.13,5.75,4.91,6.64,4.09,3.51,6.75,6.32,4.54,-99,-99,-99,2,1,2,1,15,1.27
intelligent,+,11,4,26,18.931069,10.577193,26.5354,13.509804,0,1,-99,-99,-99,-99,-99,-99,-99,5.76,3.14,6.4,3.53,6.12,6.15,4.13,6.34,6.81,5.45,-99,-99,-99,2,1,2,1,15,1.76
skilled,+,7,1,32,18.111888,1.985363,8.26498,2.372549,0,1,-99,-99,-99,-99,-99,-99,-99,5.6,2.94,4.95,5.44,5.25,4.88,3.4,5.47,6.24,4.77,-99,-99,-99,2,1,2,1,15,1.6
lively,+,6,2,26,14.705295,2.224976,24.5536,4.058824,0,1,-99,-99,-99,-99,-99,-99,-99,5.8,2.86,6.05,4,6.35,3.71,4.14,5.59,6.09,4.08,-99,-99,-99,2,1,2,1,15,1.8
cooperative,+,11,5,20,6.063936,2.122285,-99,2.039216,0,1,-99,-99,-99,-99,-99,-99,-99,6.21,2.3,5.86,3.52,6.9,4.71,3.45,6.25,6.22,5.2,-99,-99,-99,2,2,1,1,15,2.21
amusing,+,7,3,14,8.061938,8.181065,-99,9.196078,0,1,-99,-99,-99,-99,-99,-99,-99,6.05,1.57,5.14,3.4,6.83,5,4.77,6.57,6.77,4.57,-99,-99,-99,2,2,1,1,15,2.05
charitable,+,10,4,5,6.963037,2.361897,-99,2.039216,0,1,-99,-99,-99,-99,-99,-99,-99,5.95,2.1,5.69,5.05,6.29,3.79,3.88,5.74,5.95,5.38,-99,-99,-99,2,2,1,1,15,1.95
admired,+,7,2,17,11.438561,3.696883,21.5615,3.666667,0,1,-99,-99,-99,-99,-99,-99,-99,6.56,2.44,5.5,4.51,6.14,5.29,4.45,6.36,6.7,4.58,-99,-99,-99,2,2,1,1,15,2.56
terrific,+,8,3,5,6.623377,39.433418,8.36941,41.921569,0,1,-99,-99,-99,-99,-99,-99,-99,6.14,2.03,4.38,3.99,6.83,6.17,3.65,6.07,6.64,5.05,-99,-99,-99,2,2,1,1,15,2.14
loyal,+,5,2,18,13.526474,15.917135,16.6834,12,0,1,-99,-99,-99,-99,-99,-99,-99,6.38,2.52,5.71,6.19,6.95,4.45,4.82,6.52,6.29,5.4,-99,-99,-99,2,2,2,1,15,2.38
brave,+,5,1,24,18.221778,29.301221,60.085,31.705882,0,1,-99,-99,-99,-99,-99,-99,-99,6.21,3.5,6,4.83,6.61,4.11,4.11,5.68,6.47,4.93,-99,-99,-99,2,2,2,1,15,2.21
elegant,+,7,3,14,18.071928,3.731113,17.4603,6.27451,0,1,-99,-99,-99,-99,-99,-99,-99,5.95,2.48,6.4,4.82,6.53,3.62,3.41,5.66,5.33,4.59,-99,-99,-99,2,2,2,1,15,1.95
ambitious,+,9,3,16,15.394605,3.970726,14.3559,4.764706,0,1,-99,-99,-99,-99,-99,-99,-99,6.09,3.7,5.91,4.54,6.21,4.72,3.94,5.77,6.22,5.05,-99,-99,-99,2,2,2,1,15,2.09
versatile,+,9,3,3,5.304695,-99,-99,0.941176,0,1,-99,-99,-99,-99,-99,-99,-99,5.82,2.71,4.93,3.88,5.39,4.06,2.1,5.28,5.82,5.36,-99,-99,-99,2,2,2,1,15,1.82
expressive,+,10,3,7,5.284715,-99,9.47462,0.45098,0,1,-99,-99,-99,-99,-99,-99,-99,5.54,2.63,5.7,3.26,6.61,4.77,2.59,5.49,5.45,4.35,-99,-99,-99,2,1,1,1,15,1.54
sympathetic,+,11,4,34,15.184815,4.655334,12.988,3.803922,0,1,-99,-99,-99,-99,-99,-99,-99,5.43,2.06,6.18,5.49,7,3.76,4.75,5.66,5.61,4.3,-99,-99,-99,2,1,1,1,15,1.43
optimistic,+,10,4,15,12.337662,4.039187,-99,3.392157,0,1,-99,-99,-99,-99,-99,-99,-99,5.48,1.96,5.59,4.63,6.05,5.48,5.08,6.03,6.06,5.3,-99,-99,-99,2,1,1,1,15,1.48
enthusiastic,+,12,5,24,14.475524,3.149197,12.6423,2.784314,0,1,-99,-99,-99,-99,-99,-99,-99,5.46,2.72,6.37,6.2,6.7,4.33,4.87,5.38,5.47,3.82,-99,-99,-99,2,1,1,1,15,1.46
charming,+,8,2,24,14.025974,22.660523,39.8462,28.117647,0,1,-99,-99,-99,-99,-99,-99,-99,5.73,2.31,6.35,2.55,6,4.57,3.83,5.89,5.52,4.63,-99,-99,-99,2,1,1,1,15,1.73
respectful,+,10,3,4,2.237762,1.471907,10.1375,1.901961,0,1,-99,-99,-99,-99,-99,-99,-99,6.7,2.4,4.22,4.94,6.57,5.89,4.33,6.54,6.64,4.87,-99,-99,-99,1,2,2,1,15,2.7
admirable,+,9,4,10,4.795205,2.60151,22.2554,2.607843,0,1,-99,-99,-99,-99,-99,-99,-99,6.42,2.47,5.41,4.33,6.68,3.28,3.04,6.45,6.69,5.06,-99,-99,-99,1,2,2,1,15,2.42
trusting,+,8,2,4,3.756244,9.721433,7.84647,5.764706,0,1,-99,-99,-99,-99,-99,-99,-99,6.04,2.49,4.51,4.7,6.53,5.47,5.65,6.57,6.22,4.76,-99,-99,-99,1,2,2,1,15,2.04
adventurous,+,11,4,5,4.495504,1.266525,5.70724,1.215686,0,1,-99,-99,-99,-99,-99,-99,-99,6.29,3.07,6.88,5.71,6.6,4.74,3.06,6.07,5.92,3.69,-99,-99,-99,1,2,2,1,15,2.29
purposeful,+,10,3,3,2.697303,-99,-99,0.176471,0,1,-99,-99,-99,-99,-99,-99,-99,5.94,3.65,4.33,4.43,6.4,3.71,4.73,6.42,6.54,5.36,-99,-99,-99,1,2,2,1,15,1.94
self-confident,+,14,4,-99,0.939061,-99,-99,-99,0,1,-99,-99,-99,-99,-99,-99,-99,6.31,2.38,5.89,4.98,6.95,4.8,3.62,6.04,6.45,5.52,-99,-99,-99,1,2,1,1,15,2.31
playful,+,7,2,3,2.027972,-99,4.58304,1.156863,0,1,-99,-99,-99,-99,-99,-99,-99,6.12,1.94,6.05,3.83,6.21,4.72,3.62,5.69,5.29,4.82,-99,-99,-99,1,2,1,1,15,2.12
compassionate,+,13,4,2,2.457542,4.381491,3.42482,1.784314,0,1,-99,-99,-99,-99,-99,-99,-99,6.52,2.23,5.14,4.52,6.7,4.82,6.05,6.61,6.88,4.93,-99,-99,-99,1,2,1,1,15,2.52
gracious,+,8,2,10,4.335664,5.339942,23.0821,7.156863,0,1,-99,-99,-99,-99,-99,-99,-99,6.26,1.44,5.36,4.62,6.27,5.13,4.98,6.42,5.59,4.67,-99,-99,-99,1,2,1,1,15,2.26
humane,+,6,2,5,3.626374,-99,6.30692,1.823529,0,1,-99,-99,-99,-99,-99,-99,-99,6.04,1.87,5.66,4.29,6.31,4.98,4.93,5.66,4.59,6.07,-99,-99,-99,1,2,1,1,15,2.04
inventive,+,9,3,3,2.307692,-99,2.02609,0.901961,0,1,-99,-99,-99,-99,-99,-99,-99,5.24,3.13,4.8,4.39,6.34,3.19,3.11,5.16,5.08,4.96,-99,-99,-99,1,1,2,1,15,1.24
selfless,+,8,2,2,1.018981,3.696883,-99,1.823529,0,1,-99,-99,-99,-99,-99,-99,-99,5.17,3.07,4.52,3.41,6.27,4.43,5.39,5.69,5.79,4.2,-99,-99,-99,1,1,2,1,15,1.17
witty,+,5,2,10,4.225774,3.696883,6.83619,3.196078,0,1,-99,-99,-99,-99,-99,-99,-99,5.4,2.95,5.25,4.49,6.77,3.73,4.05,5.17,5.66,5.07,-99,-99,-99,1,1,2,1,15,1.4
observant,+,9,3,3,1.348651,-99,3.60915,1.215686,0,1,-99,-99,-99,-99,-99,-99,-99,5.24,3.33,4.85,4.77,6.64,3.92,2.38,5.05,6.1,5.79,-99,-99,-99,1,1,2,1,15,1.24
diligent,+,8,3,2,1.438561,-99,4.94063,0.784314,0,1,-99,-99,-99,-99,-99,-99,-99,5.32,4.24,4.99,4.48,5.71,3.78,2.01,5.9,6.4,5,-99,-99,-99,1,1,2,1,15,1.32
down-to-earth,+,13,3,-99,1.428571,-99,-99,-99,0,1,-99,-99,-99,-99,-99,-99,-99,5.9,1.78,5.24,4,7,3.02,2.51,5.37,6.41,3.76,-99,-99,-99,1,1,1,1,15,1.9
agreeable,+,9,4,11,4.045954,-99,35.8051,1.588235,0,1,-99,-99,-99,-99,-99,-99,-99,5.83,1.67,6.01,3.57,6.46,5.1,3.79,6.04,5.87,5.02,-99,-99,-99,1,1,1,1,15,1.83
communicative,+,13,5,6,4.705295,-99,-99,0.117647,0,1,-99,-99,-99,-99,-99,-99,-99,5.69,2.56,5.44,4.48,5.22,3.46,2.47,5.87,5.48,5.1,-99,-99,-99,1,1,1,1,15,1.69
affectionate,+,12,4,6,3.326673,1.403446,19.8582,2.254902,0,1,-99,-99,-99,-99,-99,-99,-99,5.89,1.98,6.56,4.27,6.61,4.25,4.8,5.82,5.98,5.52,-99,-99,-99,1,1,1,1,15,1.89
sociable,+,8,3,1,1.758242,-99,2.57197,1,0,1,-99,-99,-99,-99,-99,-99,-99,5.93,2.75,6.06,5.5,6.5,4.89,3.48,5.94,6.18,4.57,-99,-99,-99,1,1,1,1,15,1.93
mean,-,4,1,200,440.48951,2105.306396,211.299,1243.980392,1,1,2.06,5.4,4.63,3.53,6.36,4.5,4.76,2.06,4.58,5.74,4.7,7,5.1,4.26,1.58,1.69,2.04,0.631579,0,2.662386,3,2,1,1,15,1.94
foolish,-,7,2,17,11.618382,11.604105,40.5234,17.509804,0,1,-99,-99,-99,-99,-99,-99,-99,2.32,4.43,5.21,3.47,6.45,3.73,3.52,2.36,2.14,3.41,-99,-99,-99,3,2,1,1,15,1.68
shallow,-,7,2,14,14.045954,7.530688,13.6027,5.901961,0,1,-99,-99,-99,-99,-99,-99,-99,2.23,4.37,3.79,2.74,6.55,3.72,3.47,2.05,1.71,2.88,-99,-99,-99,3,2,1,1,15,1.77
weak,-,4,1,32,35.674326,28.41123,59.5107,31.509804,0,1,-99,-99,-99,-99,-99,-99,-99,2.09,4.34,5.43,4.48,5.86,5.4,4.42,2.69,1.44,2.98,-99,-99,-99,3,2,1,1,15,1.91
withdrawn,-,9,2,4,16.813187,1.814211,12.0901,2.254902,0,1,-99,-99,-99,-99,-99,-99,-99,1.92,4.29,6.14,3.48,6.87,3.26,4.35,1.72,1.6,4.09,-99,-99,-99,3,2,1,1,15,2.08
aggressive,-,10,3,17,19.310689,6.606467,4.66136,7.941176,0,1,-99,-99,-99,-99,-99,-99,-99,2.58,5.88,6.59,5.23,6.55,5.98,6.23,2.75,2.35,3.09,-99,-99,-99,3,2,2,1,15,1.42
disturbed,-,9,2,26,16.633367,8.454908,27.8257,9.862745,0,1,-99,-99,-99,-99,-99,-99,-99,2.16,5.62,5.33,3.55,6.47,2.9,4.37,1.63,1.33,2.71,-99,-99,-99,3,2,2,1,15,1.84
bitter,-,6,2,53,25.044955,11.946409,49.5448,11.137255,0,1,-99,-99,-99,-99,-99,-99,-99,2.03,5.11,5.39,3.48,6.62,3.84,4.24,1.63,1.24,3.06,-99,-99,-99,3,2,2,1,15,1.97
lonely,-,6,2,26,17.512488,32.72426,34.3281,41.666667,0,1,-99,-99,-99,-99,-99,-99,-99,2.12,5.05,4.91,4.91,6.87,4.72,5.89,3.2,1.08,3.24,-99,-99,-99,3,2,2,1,15,1.88
troubled,-,8,2,31,13.306693,5.784937,37.3763,6.784314,0,1,-99,-99,-99,-99,-99,-99,-99,2.23,5.6,5.39,4.79,6.63,4.55,5.02,2.17,1.31,3.17,-99,-99,-99,3,2,2,1,15,1.77
awful,-,5,2,17,30.40959,64.798143,44.1753,63.411765,0,1,-99,-99,-99,-99,-99,-99,-99,1.37,4.8,3.58,4.52,6.77,3.48,4.5,1.16,1.43,3.4,-99,-99,-99,3,1,1,1,15,2.63
toxic,-,5,2,3,12.147852,5.613785,-99,4.901961,0,1,-99,-99,-99,-99,-99,-99,-99,1.5,4.98,4.94,4.41,5.58,4.17,3.69,1.8,1.81,3.28,-99,-99,-99,3,1,1,1,15,2.5
detached,-,8,2,12,10.15984,1.471907,9.95642,1.54902,0,1,-99,-99,-99,-99,-99,-99,-99,1.68,3.99,4.96,4.49,6.51,3.66,4.23,2.42,2,2.47,-99,-99,-99,3,1,1,1,15,2.32
inadequate,-,10,4,32,23.166833,1.334986,6.46119,1.862745,0,1,-99,-99,-99,-99,-99,-99,-99,1.77,4.89,5.13,3.17,6.72,4,3.96,1.65,1.26,3.55,-99,-99,-99,3,1,1,1,15,2.23
offensive,-,9,3,9,14.735265,5.750707,12.4437,6.411765,0,1,-99,-99,-99,-99,-99,-99,-99,1.64,4.9,6.14,4.5,6.9,4.81,4.62,1.39,1.84,3.56,-99,-99,-99,3,1,1,1,15,2.36
nasty,-,5,2,5,17.942058,23.037058,5.87259,22.568627,0,1,-99,-99,-99,-99,-99,-99,-99,1.46,5.44,5.58,3.88,6.75,3.9,4.07,1.47,1.26,2.75,-99,-99,-99,3,1,2,1,15,2.54
violent,-,7,3,41,27.822178,13.144473,41.2038,16.666667,0,1,-99,-99,-99,-99,-99,-99,-99,1.8,6.31,6.11,5.68,6.08,6.16,3.38,1.76,1.37,2.92,-99,-99,-99,3,1,2,1,15,2.2
useless,-,7,2,17,13.166833,13.247164,33.2157,19.941176,0,1,-99,-99,-99,-99,-99,-99,-99,1.33,5.31,4.89,4.69,6.61,4.58,4.85,1.52,1.17,1.82,-99,-99,-99,3,1,2,1,15,2.67
unpleasant,-,10,3,15,13.046953,6.435315,18.1636,6.098039,0,1,-99,-99,-99,-99,-99,-99,-99,1.84,5.12,5.36,3.1,6.4,3.93,4.25,1.6,1.43,3.49,-99,-99,-99,3,1,2,1,15,2.16
rejected,-,8,3,33,39.78022,7.530688,16.8021,6.607843,0,1,-99,-99,-99,-99,-99,-99,-99,1.58,5.54,5.3,3.71,6.65,6.05,5.61,1.57,1.05,2.02,-99,-99,-99,3,1,2,1,15,2.42
immoral,-,7,3,5,3.206793,2.704201,3.99602,2.607843,0,1,-99,-99,-99,-99,-99,-99,-99,1.79,5.45,5.19,2.96,6.33,5.68,4.61,2.13,1.76,3.1,-99,-99,-99,2,1,2,1,15,2.21
helpless,-,8,2,21,8.321678,11.775257,23.2134,11.137255,0,1,-99,-99,-99,-99,-99,-99,-99,1.56,5.24,5.1,4.01,5.6,4.72,4.08,1.97,1.06,2.14,-99,-99,-99,2,1,2,1,15,2.44
vicious,-,7,2,17,8.831169,8.797212,9.47858,8.588235,0,1,-99,-99,-99,-99,-99,-99,-99,1.46,5.44,5.03,5.24,6.62,5.31,4.46,1.5,1.43,4.65,-99,-99,-99,2,1,2,1,15,2.54
cynical,-,7,3,9,7.602398,3.662653,4.86152,3.666667,0,1,-99,-99,-99,-99,-99,-99,-99,1.65,4.96,6.17,2.92,6.43,4.97,4.71,1.69,1.93,3.43,-99,-99,-99,2,1,2,1,15,2.35
greedy,-,6,2,5,4.935065,5.545324,6.2816,6.627451,0,1,-99,-99,-99,-99,-99,-99,-99,1.84,5.71,6.19,5.72,7,3.68,4.41,1.51,1.07,4.33,-99,-99,-99,2,1,2,1,15,2.16
timid,-,5,2,5,2.997003,-99,-99,1.509804,0,1,-99,-99,-99,-99,-99,-99,-99,2.84,3.84,6.38,4.46,6.58,3.1,5.15,3.29,1.91,3.33,-99,-99,-99,2,2,1,1,15,1.16
insecure,-,8,3,3,3.396603,7.975683,-99,4.058824,0,1,-99,-99,-99,-99,-99,-99,-99,2.32,4.31,4.83,4.58,6.96,5.28,5.33,1.67,1.83,2.65,-99,-99,-99,2,2,1,1,15,1.68
feeble,-,6,2,8,4.415584,1.369216,23.9025,1.686275,0,1,-99,-99,-99,-99,-99,-99,-99,2.61,4.2,5.94,4.64,4.68,3.67,3.38,2.58,1.25,1.9,-99,-99,-99,2,2,1,1,15,1.39
unpopular,-,9,4,6,6.413586,1.334986,3.22308,1.294118,0,1,-99,-99,-99,-99,-99,-99,-99,2.33,4.23,5.27,4.22,6.16,4.48,4.09,3.03,2.28,3.48,-99,-99,-99,2,2,1,1,15,1.67
lazy,-,4,2,9,8.251748,6.811849,11.1724,11.588235,0,1,-99,-99,-99,-99,-99,-99,-99,2.18,3.14,5.4,4.11,5.99,4.73,3.26,1.93,1.75,3.57,-99,-99,-99,2,2,1,1,15,1.82
unwise,-,6,2,3,4.125874,-99,3.91057,0.941176,0,1,-99,-99,-99,-99,-99,-99,-99,1.82,4.78,3.87,4.17,5.98,3.41,3.26,1.68,1.12,2.68,-99,-99,-99,2,1,1,1,15,2.18
troublesome,-,11,3,7,4.275724,-99,10.1621,1.54902,0,1,-99,-99,-99,-99,-99,-99,-99,2.04,4.87,4.72,4.07,6.94,4.34,3.54,1.98,1.6,3.22,-99,-99,-99,2,1,1,1,15,1.96
unreliable,-,10,4,4,4.865135,1.74575,-99,1.666667,0,1,-99,-99,-99,-99,-99,-99,-99,1.18,4.43,5.67,4.42,7,3.98,3.33,1.09,1.11,3.08,-99,-99,-99,2,1,1,1,15,2.82
hopeless,-,8,2,14,7.552448,9.276438,19.09,8.941176,0,1,-99,-99,-99,-99,-99,-99,-99,1.41,3.6,6.29,4.69,6.71,4.65,5.22,1.51,1.08,2.81,-99,-99,-99,2,1,1,1,15,2.59
insensitive,-,11,4,3,3.216783,7.496457,-99,3.745098,0,1,-99,-99,-99,-99,-99,-99,-99,1.75,4.63,5.24,2.99,7,4.5,4.6,1.93,1.8,2.37,-99,-99,-99,2,1,1,1,15,2.25
fearful,-,7,2,13,7.252747,-99,27.624,2.156863,0,1,-99,-99,-99,-99,-99,-99,-99,2.24,5.56,5.39,3.98,5.85,5.09,4.54,3.12,1.13,2.46,-99,-99,-99,2,2,2,1,15,1.76
superficial,-,11,4,7,7.652348,3.251888,7.77131,2.901961,0,1,-99,-99,-99,-99,-99,-99,-99,2.3,4.81,5.39,4.44,5.96,4.24,3.96,2.26,1.48,4.06,-99,-99,-99,2,2,2,1,15,1.7
jealous,-,7,2,4,9.59041,56.240544,23.4215,38.27451,0,1,-99,-99,-99,-99,-99,-99,-99,2.45,5.47,4.94,5.14,6.83,5.29,5.12,1.78,1.48,3.34,-99,-99,-99,2,2,2,1,15,1.55
messy,-,5,2,3,3.566434,7.462227,-99,6.862745,0,1,-99,-99,-99,-99,-99,-99,-99,2.71,5.79,5.56,4.23,7,4.02,3.33,3.05,2.15,2.84,-99,-99,-99,2,2,2,1,15,1.29
stern,-,5,1,25,7.892108,2.909584,32.2846,6.411765,1,1,2.68,4.88,4.17,4,5.74,3.57,3.6,2.78,4.92,4.9,5.19,6.18,3.54,3.17,2.96,2.83,5.52,0.566667,0.133333,1.278666,2,2,2,1,15,1.22
thoughtless,-,11,2,3,1.018981,2.088054,4.80297,1.392157,0,1,-99,-99,-99,-99,-99,-99,-99,1.72,3.9,4.71,4.03,6.87,3.46,3.04,2.04,1.44,3.97,-99,-99,-99,1,1,1,1,15,2.28
unhealthy,-,9,3,4,2.827173,2.088054,3.12023,1.627451,0,1,-99,-99,-99,-99,-99,-99,-99,1.46,4.73,6.24,5.91,6.75,5.61,3.41,2.13,1.48,2.63,-99,-99,-99,1,1,1,1,15,2.54
unsophisticated,-,15,6,1,1.178821,-99,-99,0.294118,0,1,-99,-99,-99,-99,-99,-99,-99,1.75,4.82,5.71,4.6,7,3.5,3.18,1.87,1.4,3.77,-99,-99,-99,1,1,1,1,15,2.25
unkind,-,6,2,3,2.697303,-99,6.32116,1.392157,0,1,-99,-99,-99,-99,-99,-99,-99,1.5,4.97,5.11,4.48,6.46,3.83,5.63,1.08,1.78,3.05,-99,-99,-99,1,1,1,1,15,2.5
uninspiring,-,11,4,-99,0.779221,-99,-99,0.196078,0,1,-99,-99,-99,-99,-99,-99,-99,1.91,4.29,4.65,4.95,6.66,2.81,3.91,2.41,1.48,2.4,-99,-99,-99,1,1,1,1,15,2.09
compulsive,-,10,3,11,2.447552,2.327667,-99,1.921569,0,1,-99,-99,-99,-99,-99,-99,-99,2.91,4.72,4.71,5.06,5.72,4.95,3.82,3.05,3.13,3.13,-99,-99,-99,1,2,2,1,15,1.09
untrustworthy,-,13,4,-99,0.609391,-99,-99,0.411765,0,1,-99,-99,-99,-99,-99,-99,-99,2.32,4.85,4.95,3.47,6.6,4.08,3.99,1.16,1.25,3.35,-99,-99,-99,1,2,2,1,15,1.68
disagreeable,-,12,5,1,1.888112,-99,18.0742,0.960784,0,1,-99,-99,-99,-99,-99,-99,-99,2.41,5.59,5.47,5.1,6.65,5.47,4.5,2.45,1.9,3.56,-99,-99,-99,1,2,2,1,15,1.59
disobedient,-,11,5,2,0.749251,-99,-99,0.215686,0,1,-99,-99,-99,-99,-99,-99,-99,2.34,5.87,5.09,4.6,6.84,3.78,3.96,2.29,2.33,3.99,-99,-99,-99,1,2,2,1,15,1.66
unsympathetic,-,13,5,3,1.618382,-99,1.39793,0.431373,0,1,-99,-99,-99,-99,-99,-99,-99,2.13,5.14,4.31,4.5,6.11,3.63,4.04,1.91,1.6,2.86,-99,-99,-99,1,2,2,1,15,1.87
resentful,-,9,3,3,2.617383,-99,1.90505,0.568627,0,1,-99,-99,-99,-99,-99,-99,-99,1.95,5.86,4.34,4.16,5.33,3.81,5.41,1.74,1.71,4.66,-99,-99,-99,1,1,2,1,15,2.05
manipulative,-,12,5,-99,1.528472,4.826486,-99,1.627451,0,1,-99,-99,-99,-99,-99,-99,-99,1.97,5.47,4.98,5.26,6.79,5.17,3.53,1.92,2.33,4.65,-99,-99,-99,1,1,2,1,15,2.03
unethical,-,9,4,-99,0.919081,2.464589,-99,1.764706,0,1,-99,-99,-99,-99,-99,-99,-99,1.94,5.36,3.36,2.51,5.22,5.05,3.75,1.69,1.35,3.08,-99,-99,-99,1,1,2,1,15,2.06
deceptive,-,9,3,4,2.317682,-99,1.86945,0.509804,0,1,-99,-99,-99,-99,-99,-99,-99,1.63,5.54,5.24,4.43,6.65,4.51,4.62,1.43,1.48,3.74,-99,-99,-99,1,1,2,1,15,2.37
prejudiced,-,10,3,4,2.757243,-99,-99,1.862745,0,1,-99,-99,-99,-99,-99,-99,-99,1.45,5.81,6.52,4.17,6.38,4.77,4.48,1.41,1.59,3.28,-99,-99,-99,1,1,2,1,15,2.55
absent-minded,-,13,4,-99,0.48951,-99,-99,-99,0,1,-99,-99,-99,-99,-99,-99,-99,2.42,3.21,5.1,3.33,6.2,4.2,3.31,2.12,1.99,1.98,-99,-99,-99,1,2,1,1,15,1.58
self-critical,-,13,3,-99,0.509491,-99,-99,-99,0,1,-99,-99,-99,-99,-99,-99,-99,2.99,4.51,4.54,4.67,5.82,3.89,3.57,3.8,2.91,4.51,-99,-99,-99,1,2,1,1,15,1.01
uninteresting,-,13,5,1,1.378621,-99,3.54982,0.313725,0,1,-99,-99,-99,-99,-99,-99,-99,2.38,4.44,4.58,3.74,5.81,4.23,2.23,1.48,1.07,3.98,-99,-99,-99,1,2,1,1,15,1.62
conceited,-,9,3,1,0.579421,-99,3.54744,1.843137,0,1,-99,-99,-99,-99,-99,-99,-99,2.38,4.6,5.32,4.69,5.75,3.16,3.65,2.66,2.25,4.98,-99,-99,-99,1,2,1,1,15,1.62
materialistic,-,13,5,2,1.168831,-99,-99,0.45098,0,1,-99,-99,-99,-99,-99,-99,-99,2.54,4.49,5.71,4.53,6.78,5.49,3.93,2.92,2.49,3.91,-99,-99,-99,1,2,1,1,15,1.46
kind,+,4,1,313,237.722278,651.438704,298.191,590.686275,1,1,6.44,1.72,5.1,3.93,6.55,4.72,4.03,6.4,2.24,5.41,4.38,5.94,5.73,4.49,6.29,6.7,4.56,0.653846,0.1,1.677277,3,2,1,2,15,2.4
responsible,+,11,4,71,94.195804,59.38974,23.1604,45.058824,0,1,-99,-99,-99,-99,-99,-99,-99,5.66,2.97,4.93,5.55,6.49,5.35,3.93,6.16,6.47,5.77,-99,-99,-99,3,1,2,2,15,1.66
positive,+,8,3,88,84.145854,48.059479,23.1351,31.627451,0,1,-99,-99,-99,-99,-99,-99,-99,6.28,2.1,5.55,4.94,6.37,5.21,4.38,6.5,6.72,5.6,-99,-99,-99,3,2,1,2,15,2.28
patient,+,7,2,86,82.237762,65.688134,40.3802,63.647059,1,1,4.29,3.74,5.22,4.85,6.18,4.88,3.81,5.88,1.32,5.94,3.24,6.2,5.17,3.27,6.24,6.56,5.29,0.740741,0.277778,1.235087,3,1,1,2,15,1.88
active,+,6,2,96,72.827173,8.078374,57.449,11.45098,0,1,-99,-99,-99,-99,-99,-99,-99,6.21,3.64,6.49,5.08,6.79,4.66,3.15,6.24,6.6,4.99,-99,-99,-99,3,2,2,2,15,2.21
bright,+,6,1,92,55.304695,35.736535,98.7739,44.411765,0,1,-99,-99,-99,-99,-99,-99,-99,5.79,2.81,5.34,3.85,6.9,5.03,3.28,5.61,6.2,4.28,-99,-99,-99,3,1,2,2,15,1.79
capable,+,7,3,66,49.380619,33.408868,49.0701,20.823529,0,1,-99,-99,-99,-99,-99,-99,-99,5.33,2.85,4.66,4.15,5.4,4.56,3.19,5.98,6.04,4.54,-99,-99,-99,3,1,2,2,15,1.33
sweet,+,5,1,81,36.473526,158.418282,118.754,145.196078,0,1,-99,-99,-99,-99,-99,-99,-99,5.94,2.47,5.95,4.18,6.29,4.9,4.84,5.8,5.48,4.45,-99,-99,-99,3,1,1,2,15,1.94
healthy,+,7,2,33,35.834166,31.046971,18.8147,24.745098,0,1,-99,-99,-99,-99,-99,-99,-99,5.65,1.96,6.46,5.04,6.91,6.08,3.1,6.38,6.45,5.69,-99,-99,-99,3,1,1,2,15,1.65
confident,+,9,3,19,32.387612,12.767938,15.5631,10.647059,0,1,-99,-99,-99,-99,-99,-99,-99,6.14,2.57,5.81,4.11,6.5,5.9,4.75,6.27,6.34,4.47,-99,-99,-99,3,2,2,2,15,2.14
consistent,+,10,3,29,31.058941,3.731113,9.83617,5.745098,0,1,-99,-99,-99,-99,-99,-99,-99,6.02,2.64,4.24,5.99,7,4.77,2.88,5.6,6.11,6.03,-99,-99,-99,3,2,2,2,15,2.02
calm,+,4,1,35,29.63037,100.911213,57.2512,89.039216,1,1,5.85,1.31,5.16,4.42,6.54,4.71,3.85,5.84,1.28,5.43,4.49,6.34,5.11,2.6,6.13,6.26,5.2,0.533333,0.2,0.925273,3,1,1,2,15,1.84
grateful,+,8,2,25,27.322677,40.186487,29.1034,26.568627,0,1,-99,-99,-99,-99,-99,-99,-99,5.4,1.43,5.32,4.47,5.45,4.11,5.46,6.26,6.21,4.37,-99,-99,-99,3,1,1,2,15,1.4
pleasant,+,8,2,38,27.052947,13.966002,82.8397,21.019608,0,1,-99,-99,-99,-99,-99,-99,-99,6.36,2.08,4.72,3.32,6.63,5.61,3.51,6.5,6.01,4.45,-99,-99,-99,3,2,1,2,15,2.36
creative,+,8,3,49,24.895105,11.706796,6.75549,10.745098,0,1,-99,-99,-99,-99,-99,-99,-99,5.79,2.77,5.01,2.27,6.13,5.26,3.07,5.62,5.81,5.38,-99,-99,-99,3,1,2,2,15,1.79
sophisticated,+,13,5,26,24.655345,6.983001,-99,6.784314,0,1,-99,-99,-99,-99,-99,-99,-99,6.15,3.43,6.33,4.85,6.77,4.2,3.89,5.47,6.13,5.94,-99,-99,-99,3,2,2,2,15,2.15
modest,+,6,2,29,22.987013,4.689565,20.1857,5.882353,0,1,-99,-99,-99,-99,-99,-99,-99,5.15,2.64,4.55,3.93,5.42,4.98,4.11,4.94,4.45,4.67,-99,-99,-99,3,1,2,2,15,1.15
reliable,+,8,4,22,22.467532,5.613785,4.73494,5.901961,0,1,-99,-99,-99,-99,-99,-99,-99,6.49,2.03,5.06,5.78,6.16,5.06,4.59,6.44,6.56,5.77,-99,-99,-99,3,2,1,2,15,2.49
wise,+,4,1,42,22.007992,26.186254,83.039,28.470588,0,1,-99,-99,-99,-99,-99,-99,-99,6.02,2.32,5.1,4.31,5.63,5.01,3.33,6.09,6.21,5.49,-99,-99,-99,3,2,2,2,15,2.02
mature,+,6,2,31,19.170829,13.007551,7.10517,8.215686,0,1,-99,-99,-99,-99,-99,-99,-99,6.24,1.98,4.66,3.43,5.9,4.75,3.1,6.09,6.36,4.03,-99,-99,-99,3,2,1,2,15,2.24
smart,+,5,1,21,18.671329,97.453943,15.2847,96.254902,0,1,-99,-99,-99,-99,-99,-99,-99,5.83,2.07,6.64,4.53,6.09,4.7,3.17,5.65,6.6,5.61,-99,-99,-99,2,2,1,2,15,1.83
productive,+,10,3,26,13.886114,4.347261,7.67954,2.411765,0,1,-99,-99,-99,-99,-99,-99,-99,6.29,2.55,5.26,4.46,6.96,4.77,3.54,5.61,5.95,5.66,-99,-99,-99,2,2,2,2,15,2.29
respectable,+,11,4,21,12.327672,4.210339,24.1976,5.647059,0,1,-99,-99,-99,-99,-99,-99,-99,6.92,1.95,6.45,5.95,6.95,5.51,3.87,6.72,6.91,5.77,-99,-99,-99,2,2,1,2,15,2.92
competent,+,9,3,21,12.297702,3.114966,10.4825,2.431373,0,1,-99,-99,-99,-99,-99,-99,-99,5.92,3.1,5.03,3.73,6.51,4.33,4.27,5.25,6.56,4.1,-99,-99,-99,2,2,2,2,15,1.92
decisive,+,8,3,19,12.267732,-99,11.8116,1.294118,0,1,-99,-99,-99,-99,-99,-99,-99,5.41,3.57,4.57,4.4,5.79,4.13,3.54,5.61,5.97,6,-99,-99,-99,2,1,2,2,15,1.41
polite,+,6,2,7,11.728272,12.01487,16.8646,13.941176,0,1,-99,-99,-99,-99,-99,-99,-99,5.56,2.61,5,5.19,6.96,5.75,4.42,5.05,6.17,5.76,-99,-99,-99,2,1,1,2,15,1.56
cheerful,+,8,2,10,11.528472,2.498819,30.177,3.72549,0,1,-99,-99,-99,-99,-99,-99,-99,5.88,2.96,6.9,5.27,6.73,4.66,5.09,6.15,6.51,3.92,-99,-99,-99,2,2,2,2,15,1.88
ethical,+,7,3,29,11.388611,3.731113,4.73098,2.72549,0,1,-99,-99,-99,-99,-99,-99,-99,5.28,3.18,4.51,3.12,6.68,4.69,3.95,5.83,5.76,5.4,-99,-99,-99,2,1,2,2,15,1.28
thorough,+,8,2,21,11.158841,5.511094,12.7554,4.705882,0,1,-99,-99,-99,-99,-99,-99,-99,5.96,3.82,4.79,4.67,5.2,4.79,2.51,6.16,6.22,4.52,-99,-99,-99,2,2,2,2,15,1.96
innovative,+,10,4,-99,10.17982,-99,-99,1.019608,0,1,-99,-99,-99,-99,-99,-99,-99,5.65,2.92,5.33,3.88,5.83,4.77,3.54,5.81,6.13,4.17,-99,-99,-99,2,1,2,2,15,1.65
jolly,+,5,1,4,9.270729,4.415721,13.8836,7.490196,0,1,-99,-99,-99,-99,-99,-99,-99,5.47,1.62,5.69,4.82,6.27,2.96,4.07,6.13,6.05,5.08,-99,-99,-99,2,1,1,2,15,1.47
talented,+,8,3,7,8.491508,11.672566,1.94223,11.392157,0,1,-99,-99,-99,-99,-99,-99,-99,6.12,2.84,5.22,2.63,6.96,5.27,3.25,6.2,5.76,5.04,-99,-99,-99,2,2,2,2,15,2.12
humble,+,6,2,18,8.051948,5.545324,37.7956,9.803922,0,1,-99,-99,-99,-99,-99,-99,-99,5.31,1.37,5.37,4.59,6.65,4.2,4.83,5.26,6.08,4.22,-99,-99,-99,2,1,1,2,15,1.31
hopeful,+,7,2,12,7.222777,3.765344,8.41213,2.980392,0,1,-99,-99,-99,-99,-99,-99,-99,5.89,1.85,5.08,3.33,6.59,5.73,6.1,6.61,6.64,5.56,-99,-99,-99,2,2,1,2,15,1.89
energetic,+,9,4,11,7.052947,-99,9.61544,1.294118,0,1,-99,-99,-99,-99,-99,-99,-99,5.61,2.99,5.45,4.1,6.63,6.02,3.06,5.5,5.79,4.57,-99,-99,-99,2,1,2,2,15,1.61
thoughtful,+,10,2,11,6.353646,9.44759,15.7688,7.803922,0,1,-99,-99,-99,-99,-99,-99,-99,5.83,2.2,4.49,3.79,6.43,4.55,3.75,6.26,5.71,4.95,-99,-99,-99,2,2,1,2,15,1.83
outgoing,+,8,3,8,6.193806,-99,-99,1.764706,0,1,-99,-99,-99,-99,-99,-99,-99,5.67,2.49,5.85,4.93,6.9,5.34,2.88,6.03,5.79,4.36,-99,-99,-99,2,1,1,2,15,1.67
sincere,+,7,2,15,4.805195,7.017232,22.162,5.980392,0,1,-99,-99,-99,-99,-99,-99,-99,6.13,2.52,4.91,3.86,6.41,5.79,3.93,6.13,6.42,4.13,-99,-99,-99,1,2,2,2,15,2.13
humorous,+,8,3,16,4.425574,-99,8.41055,1.470588,0,1,-99,-99,-99,-99,-99,-99,-99,6.33,2.08,4.47,3.86,6.17,5.22,2.91,6.38,6.52,4.29,-99,-99,-99,1,2,1,2,15,2.33
dignified,+,9,3,7,4.375624,1.334986,13.7309,2.686275,0,1,-99,-99,-99,-99,-99,-99,-99,5.75,2.78,6.26,4.46,6.65,3.51,3.13,5.94,6.59,5.06,-99,-99,-99,1,1,2,2,15,1.75
courageous,+,10,3,4,3.756244,3.594192,6.26657,3.156863,0,1,-99,-99,-99,-99,-99,-99,-99,6.34,2.74,5.98,5.24,6.96,5.53,4.67,6.26,6.65,5.69,-99,-99,-99,1,2,2,2,15,2.34
knowledgeable,+,13,4,2,3.366633,-99,-99,0.784314,0,1,-99,-99,-99,-99,-99,-99,-99,6.32,2.37,4.68,4.69,5.96,4.67,3.23,6.45,6.94,5.53,-99,-99,-99,1,2,1,2,15,2.32
perceptive,+,10,3,3,2.717283,2.704201,-99,1.980392,0,1,-99,-99,-99,-99,-99,-99,-99,5.27,2.27,3.44,4.02,6.4,3.55,2.47,5.6,6.05,4.7,-99,-99,-99,1,1,1,2,15,1.27
courteous,+,9,3,6,2.687313,-99,9.86623,1.215686,0,1,-99,-99,-99,-99,-99,-99,-99,6.62,2.87,5.12,4.46,6.73,3.62,3.35,6.81,6.01,5.64,-99,-99,-99,1,2,2,2,15,2.62
attentive,+,9,3,5,2.547453,1.369216,9.37652,1.294118,0,1,-99,-99,-99,-99,-99,-99,-99,5.9,4.2,4.12,4.04,6.93,4.15,2.76,5.84,5.9,5.26,-99,-99,-99,1,1,2,2,15,1.9
adaptable,+,9,4,2,2.367632,-99,-99,0.333333,0,1,-99,-99,-99,-99,-99,-99,-99,5.81,2.71,4.8,5.08,6.56,3.64,2.71,5.63,6.01,5.93,-99,-99,-99,1,1,1,2,15,1.81
joyful,+,6,2,1,2.257742,-99,9.96196,1.490196,0,1,-99,-99,-99,-99,-99,-99,-99,5.95,3.19,5.99,4.77,6.19,5.23,5.18,5.77,5.84,5.15,-99,-99,-99,1,2,2,2,15,1.95
considerate,+,11,4,4,2.157842,3.833805,4.40266,3.431373,0,1,-99,-99,-99,-99,-99,-99,-99,6.21,1.85,4.82,4.44,6.78,3.9,4,6.22,6.4,3.54,-99,-99,-99,1,2,1,2,15,2.21
truthful,+,8,2,1,2.107892,2.088054,4.62813,2.137255,0,1,-99,-99,-99,-99,-99,-99,-99,5.77,2,4.68,5.44,6.03,4.95,4.2,6.27,6.83,5.74,-99,-99,-99,1,1,1,2,15,1.77
fearless,+,8,2,7,1.578422,2.909584,6.45328,2.980392,0,1,-99,-99,-99,-99,-99,-99,-99,5.36,4.03,5.59,2.92,6.85,5.07,4.85,5.43,5.84,4.83,-99,-99,-99,1,1,2,2,15,1.36
forgiving,+,9,3,2,1.558442,5.339942,-99,2.490196,0,1,-99,-99,-99,-99,-99,-99,-99,6.18,2.09,4.54,4.4,6.44,3.99,5.43,6.54,6.59,6.54,-99,-99,-99,1,2,1,2,15,2.18
trustworthy,+,11,3,3,1.528472,2.806893,4.48968,1.843137,0,1,-99,-99,-99,-99,-99,-99,-99,6.56,2.46,5.32,4.18,6.81,4.54,4.4,6.85,6.94,5.44,-99,-99,-99,1,2,2,2,15,2.56
artistic,+,8,3,33,15.664336,2.772662,16.7214,4.921569,0,1,-99,-99,-99,-99,-99,-99,-99,5.8,2.47,6.38,3.14,5.91,4.45,3.45,5.27,5.56,3.45,-99,-99,-99,2,2,1,2,15,1.8
glorious,+,8,3,16,10.939061,6.811849,39.7742,9.294118,0,1,-99,-99,-99,-99,-99,-99,-99,5.47,2.09,6.51,4.63,6.73,5.23,5.19,5.06,5.01,4.44,-99,-99,-99,2,1,1,2,15,1.47
daring,+,6,2,12,7.142857,2.361897,22.1984,4.196078,0,1,-99,-99,-99,-99,-99,-99,-99,5.07,4.7,6.3,3.92,7,4.24,4.78,5.28,5.77,4.76,-99,-99,-99,2,1,2,2,15,1.07
terrible,-,8,3,45,46.713287,99.74738,83.4219,94.019608,0,1,-99,-99,-99,-99,-99,-99,-99,1.98,5.12,5.43,4.37,5.83,6.1,5.5,2.24,1.39,3.68,-99,-99,-99,3,2,2,2,15,2.02
guilty,-,6,2,29,42.287712,70.925385,38.8367,62.294118,0,1,-99,-99,-99,-99,-99,-99,-99,1.69,4.88,5.86,5.63,6.38,5.65,4.67,1.77,1.08,3.55,-99,-99,-99,3,1,1,2,15,2.31
sad,-,3,1,35,34.355644,62.710089,67.5961,63.372549,0,1,-99,-99,-99,-99,-99,-99,-99,1.78,5.02,6.76,4.23,5.97,6.35,5.93,2.27,1.1,3.18,-99,-99,-99,3,1,1,2,15,2.22
controlling,-,11,3,23,19.55045,7.085692,4.80376,4.431373,0,1,-99,-99,-99,-99,-99,-99,-99,1.81,5.21,6.3,5.25,6.44,4.46,4.55,1.35,1.66,6.05,-99,-99,-99,3,1,2,2,15,2.19
unhappy,-,7,3,26,19.100899,13.76062,39.6603,16.529412,0,1,-99,-99,-99,-99,-99,-99,-99,1.89,3.85,5.28,3.74,6.87,6.05,5.07,1.63,1.56,4.25,-99,-99,-99,3,2,1,2,15,2.11
dull,-,4,1,28,18.221778,9.344899,45.2813,12.078431,0,1,-99,-99,-99,-99,-99,-99,-99,2.22,3,4.41,4.37,6.74,3.95,2.58,1.53,1.37,3.71,-99,-99,-99,3,2,1,2,15,1.78
boring,-,6,2,5,17.162837,31.046971,2.26897,27.411765,0,1,-99,-99,-99,-99,-99,-99,-99,2.07,3.74,5.37,4.92,6.34,5.81,3.45,2.52,2.16,3.76,-99,-99,-99,3,2,1,2,15,1.93
hostile,-,7,2,19,16.423576,8.181065,21.6319,8.941176,0,1,-99,-99,-99,-99,-99,-99,-99,1.54,5.59,5.61,4.96,6.82,4.86,4.11,1.06,1.29,3.62,-99,-99,-99,3,1,2,2,15,2.46
harsh,-,5,1,12,15.404595,9.584511,16.8013,7.098039,0,1,-99,-99,-99,-99,-99,-99,-99,1.53,5.89,4.78,3.7,6.5,4.44,4.45,1.64,1.66,4.01,-99,-99,-99,3,1,2,2,15,2.47
dreadful,-,8,2,10,14.455544,4.518413,42.8019,8,0,1,-99,-99,-99,-99,-99,-99,-99,1.65,4.92,5.62,4.58,5.85,3.31,3.67,1.6,1.51,2.16,-99,-99,-99,3,1,1,2,15,2.35
cruel,-,5,2,15,13.866134,20.504008,48.8391,18.352941,0,1,-99,-99,-99,-99,-99,-99,-99,1.46,6.22,5.29,3.88,6.54,4.82,5.36,1.37,1.09,4.7,-99,-99,-99,3,1,2,2,15,2.54
wicked,-,6,2,9,10.949051,11.296031,42.0179,13.294118,0,1,-99,-99,-99,-99,-99,-99,-99,1.86,4.93,5.76,3.52,6.44,1.88,3.81,1.53,1.75,4.12,-99,-99,-99,3,1,1,2,15,2.14
rude,-,4,1,6,9.84016,24.200891,29.9871,22.058824,0,1,-99,-99,-99,-99,-99,-99,-99,1.78,3.86,4.85,5.38,6.76,4.54,3.91,1.46,1.27,4.18,-99,-99,-99,3,1,1,2,15,2.22
rotten,-,6,2,2,8.061938,13.486777,8.50786,17.470588,0,1,-99,-99,-99,-99,-99,-99,-99,2.1,4.52,4.69,3.4,7,3.22,3.49,2.02,1.56,3.69,-99,-99,-99,2,2,1,2,15,1.9
ignorant,-,8,3,12,7.452547,3.251888,38.3217,6.254902,0,1,-99,-99,-99,-99,-99,-99,-99,2.08,5.2,5.94,4.99,6.66,5.15,2.7,1.31,1.49,3.92,-99,-99,-99,2,1,2,2,15,1.92
selfish,-,7,2,8,6.923077,26.220485,19.3163,15.901961,0,1,-99,-99,-99,-99,-99,-99,-99,1.7,4.99,6.11,4.35,6.9,5.61,4.94,1.22,1.39,5.47,-99,-99,-99,2,1,2,2,15,2.3
gloomy,-,6,2,3,6.763237,1.471907,25.8257,2.411765,0,1,-99,-99,-99,-99,-99,-99,-99,2.13,4.72,6.02,4.19,5.95,4.26,5.3,1.9,1.67,2.52,-99,-99,-99,2,2,1,2,15,1.87
ruthless,-,8,2,7,6.493506,4.518413,3.7033,4.137255,0,1,-99,-99,-99,-99,-99,-99,-99,1.91,5.77,5.34,4.96,5.12,2.93,3.84,2.08,2.37,4.4,-99,-99,-99,2,1,2,2,15,2.09
inefficient,-,11,4,7,5.794206,-99,1.65821,0.411765,0,1,-99,-99,-99,-99,-99,-99,-99,1.65,4.31,4.67,4.44,6.28,4.31,2.46,1.92,1.21,2.41,-99,-99,-99,2,1,1,2,15,2.35
careless,-,8,2,8,5.774226,4.107648,20.4951,4.921569,0,1,-99,-99,-99,-99,-99,-99,-99,1.97,3.55,5.07,3.86,6.17,5.19,3.55,2.37,2.79,3.56,-99,-99,-99,2,1,1,2,15,2.03
reckless,-,8,2,9,5.654346,5.511094,12.0869,4.921569,0,1,-99,-99,-99,-99,-99,-99,-99,1.91,4.79,5.05,4.37,6.26,5.1,3.69,2.03,1.72,2.49,-99,-99,-99,2,1,1,2,15,2.09
irrational,-,10,3,8,5.114885,4.689565,2.70251,2.921569,0,1,-99,-99,-99,-99,-99,-99,-99,2.09,5.68,4.19,4,6.39,4.17,4.37,1.4,1.3,2.44,-99,-99,-99,2,2,2,2,15,1.91
discouraged,-,11,3,15,4.925075,1.608829,7.67796,1.588235,0,1,-99,-99,-99,-99,-99,-99,-99,2.03,4.65,4.59,4.21,6.18,4.22,4.95,2.44,1.58,3.77,-99,-99,-99,2,1,1,2,15,1.97
annoying,-,8,3,6,4.555445,14.376767,4.07908,11.117647,0,1,-99,-99,-99,-99,-99,-99,-99,1.67,5.64,5.49,4.37,6.55,4.32,4.01,1.24,1.1,4.01,-99,-99,-99,2,1,2,2,15,2.33
irresponsible,-,13,4,9,4.295704,6.127241,-99,4.647059,0,1,-99,-99,-99,-99,-99,-99,-99,2.26,4.24,4.32,4.56,6.37,4.38,4.15,2.2,2.54,3.04,-99,-99,-99,2,2,1,2,15,1.74
dishonest,-,9,3,2,3.586414,2.635741,3.99522,2.588235,0,1,-99,-99,-99,-99,-99,-99,-99,1.41,4.86,5.01,4.71,7,5.4,4.9,1.15,1.25,5.16,-99,-99,-99,2,1,1,2,15,2.59
self-conscious,-,14,3,-99,2.787213,-99,2.03084,-99,0,1,-99,-99,-99,-99,-99,-99,-99,2.13,5.29,6.01,3.67,5.45,4.02,4.3,2.62,1.67,3.16,-99,-99,-99,1,2,2,2,15,1.87
dreary,-,6,2,6,2.717283,1.300755,14.6446,1.803922,0,1,-99,-99,-99,-99,-99,-99,-99,1.9,3.89,4.69,3.79,6.76,2.86,3.62,1.69,1.8,2.23,-99,-99,-99,1,1,1,2,15,2.1
pompous,-,7,2,3,2.687313,2.464589,4.03557,2.392157,0,1,-99,-99,-99,-99,-99,-99,-99,1.9,5.14,5.11,4.38,5.88,3.33,3.88,1.5,1.31,4.69,-99,-99,-99,1,1,2,2,15,2.1
unproductive,-,12,4,1,2.277722,-99,-99,0.27451,0,1,-99,-99,-99,-99,-99,-99,-99,1.58,5.58,5.78,5.79,6.91,4.86,3.4,1.49,1.49,2.44,-99,-99,-99,1,1,2,2,15,2.42
sloppy,-,6,2,3,2.127872,4.552643,-99,5.882353,0,1,-99,-99,-99,-99,-99,-99,-99,1.78,4.1,6.34,3.42,6.63,4.39,3.78,2.15,1.77,4.45,-99,-99,-99,1,1,1,2,15,2.22
unfriendly,-,10,3,6,1.938062,-99,3.13843,1.039216,0,1,-99,-99,-99,-99,-99,-99,-99,1.5,4.89,5.62,5.23,7,5.65,2.97,1.41,1.13,2.91,-99,-99,-99,1,1,1,2,15,2.5
unruly,-,6,3,2,1.888112,-99,2.46992,0.705882,0,1,-99,-99,-99,-99,-99,-99,-99,1.97,4.34,4.5,4.18,5.15,3.02,3.47,3.27,2.45,2.72,-99,-99,-99,1,1,1,2,15,2.03
envious,-,7,3,1,1.838162,1.334986,5.30297,1.254902,0,1,-99,-99,-99,-99,-99,-99,-99,2.03,6.02,5.32,4.68,6.44,3.37,5.92,1.45,1.4,2.95,-99,-99,-99,1,1,2,2,15,1.97
cowardly,-,8,3,3,1.458541,1.643059,7.61941,2.313725,0,1,-99,-99,-99,-99,-99,-99,-99,2.14,4.75,4.85,4.66,6.54,4.8,4.17,2.71,1.18,3.02,-99,-99,-99,1,2,2,2,15,1.86
obnoxious,-,9,3,5,1.438561,5.20302,3.3995,3.509804,0,1,-99,-99,-99,-99,-99,-99,-99,1.49,5.3,6.18,4.97,6.78,5.7,4.13,1.45,1.19,3.87,-99,-99,-99,1,1,2,2,15,2.51
intolerant,-,10,4,1,1.308691,-99,1.66375,0.862745,0,1,-99,-99,-99,-99,-99,-99,-99,1.87,5.69,4.88,4.06,6.27,4.42,4.19,1.45,1.09,3.45,-99,-99,-99,1,1,2,2,15,2.13
grumpy,-,6,2,-99,1.308691,2.464589,-99,2.352941,0,1,-99,-99,-99,-99,-99,-99,-99,2.12,4.61,6.26,5.42,6.96,4.54,5.33,2.19,1.53,3.55,-99,-99,-99,1,2,1,2,15,1.88
bossy,-,5,2,-99,1.168831,2.224976,-99,1.745098,0,1,-99,-99,-99,-99,-99,-99,-99,2.19,5.22,5.73,4.61,6.88,5.27,4.72,1.65,1.64,5.88,-99,-99,-99,1,2,2,2,15,1.81
lethargic,-,9,3,-99,1.108891,-99,-99,0.313725,0,1,-99,-99,-99,-99,-99,-99,-99,2.19,3.06,5.47,4.03,5.68,2.51,2.52,2.14,1.77,3.3,-99,-99,-99,1,2,1,2,15,1.81
bad,-,3,1,143,154.475524,603.687298,152.889,545.176471,0,1,-99,-99,-99,-99,-99,-99,-99,1.73,5.26,5.88,3.73,6.62,6.33,3.95,1.38,1.36,3.68,-99,-99,-99,3,1,2,2,15,2.27
moody,-,5,2,5,3.556444,2.875353,2.8465,2.254902,0,1,-99,-99,-99,-99,-99,-99,-99,2.25,5.53,4.95,5.36,6.79,5.19,5.6,1.87,1.28,2.72,-99,-99,-99,2,2,2,2,15,1.75
wasteful,-,8,2,7,2.867133,-99,1.84571,0.588235,0,1,-99,-99,-99,-99,-99,-99,-99,1.77,5.04,5.78,4.83,6.59,4.81,4.63,2.35,1.4,3.2,-99,-99,-99,2,1,2,2,15,2.23
stupid,-,6,2,24,32.897103,206.066996,22.9927,184.411765,0,1,-99,-99,-99,-99,-99,-99,-99,2.08,4.95,4.74,3.17,6.89,6.19,4.3,2.02,1.02,3.28,-99,-99,-99,3,2,1,2,15,1.92
good-natured,+,12,3,-99,1.338661,-99,-99,-99,0,1,-99,-99,-99,-99,-99,-99,-99,6.52,2.37,3.97,4.49,6.7,4,4.8,6.64,6.63,5.75,-99,-99,-99,1,2,1,2,15,2.52
proficient,+,10,3,5,1.288711,-99,-99,0.568627,0,1,-99,-99,-99,-99,-99,-99,-99,5.53,3.43,4.28,4.81,6.51,3.77,3.56,5.34,6.17,4.76,-99,-99,-99,1,1,2,2,15,1.53
self-disciplined,+,15,4,-99,1.208791,-99,-99,-99,0,1,-99,-99,-99,-99,-99,-99,-99,5.48,3.53,5.97,5.8,7,3.75,3.46,5.89,5.83,6.14,-99,-99,-99,1,1,2,2,15,1.48
comical,+,7,3,-99,1.398601,-99,-99,0.823529,0,1,-99,-99,-99,-99,-99,-99,-99,5.42,2.66,5.93,4.84,6.63,5.31,3.53,6.54,6.59,3.9,-99,-99,-99,1,1,1,2,15,1.42
dependable,+,10,4,8,1.358641,1.71152,-99,1.666667,0,1,-99,-99,-99,-99,-99,-99,-99,5.36,1.74,5.5,4.32,6.5,4.5,4.11,6.66,6.43,5.29,-99,-99,-99,1,1,1,2,15,1.36
hesitant,-,8,3,3,2.827173,-99,-99,0.411765,0,1,-99,-99,-99,-99,-99,-99,-99,2.91,4.73,5.75,4.99,6.71,5.6,2.84,3.07,2.87,3.07,-99,-99,-99,2,2,2,2,15,1.09
stubborn,-,8,2,12,4.285714,13.007551,7.67321,10.862745,0,1,-99,-99,-99,-99,-99,-99,-99,2.71,5.07,5.62,4.48,6.2,5.5,4.76,2.91,2.08,4.31,-99,-99,-99,2,2,2,2,15,1.29
defensive,-,9,3,17,12.867133,6.674928,6.40819,5.45098,0,1,-99,-99,-99,-99,-99,-99,-99,2.7,5.86,6.07,5.41,6.65,5.54,5.24,2.2,2.33,4.21,-99,-99,-99,3,2,2,2,15,1.3
combative,-,9,3,-99,1.108891,-99,-99,0.529412,0,1,-99,-99,-99,-99,-99,-99,-99,2.6,5.21,5.44,4.4,5.11,1.79,3.12,2.13,2.42,4.22,-99,-99,-99,1,2,2,2,15,1.4
suspicious,-,10,3,13,13.786214,20.949004,14.2617,15.980392,0,1,-99,-99,-99,-99,-99,-99,-99,2.58,5.09,5.23,3.79,6.32,4.6,3.21,1.68,1.25,3.31,-99,-99,-99,3,2,2,2,15,1.42
mediocre,-,8,4,5,1.768232,1.74575,-99,1.392157,0,1,-99,-99,-99,-99,-99,-99,-99,2.57,3.87,4.5,3.7,7,3.25,4.3,3.26,1.45,2.99,-99,-99,-99,1,2,1,2,15,1.43
indecisive,-,10,4,2,0.969031,-99,-99,0.529412,0,1,-99,-99,-99,-99,-99,-99,-99,2.49,4.39,4.81,4.87,5.77,4.21,2.93,2.29,1.32,4.14,-99,-99,-99,1,2,1,2,15,1.51
childish,-,8,2,11,4.725275,4.176109,14.6747,4.901961,0,1,-99,-99,-99,-99,-99,-99,-99,2.48,4.29,6.18,3.53,6.81,5.82,3.95,3.07,2.4,2.32,-99,-99,-99,2,2,1,2,15,1.52
brooding,-,8,2,14,3.136863,1.369216,7.03872,0.960784,0,1,-99,-99,-99,-99,-99,-99,-99,2.46,5.06,3.8,3.75,5.34,2.49,4.63,2.08,1.73,3.56,-99,-99,-99,2,2,2,2,15,1.54
fickle,-,6,2,1,1.278721,-99,3.16532,1.176471,0,1,-99,-99,-99,-99,-99,-99,-99,2.46,3.76,4.35,2.89,4.86,2.91,3.43,2.54,2.37,3.33,-99,-99,-99,1,2,1,2,15,1.54
unreasonable,-,12,4,3,9.89011,3.491501,8.49203,3.803922,0,1,-99,-99,-99,-99,-99,-99,-99,2.42,4.75,4.15,3.28,6.36,4.18,3.32,1.55,1.26,2.84,-99,-99,-99,3,2,1,2,15,1.58
demanding,-,9,3,19,24.245754,5.921859,7.00312,4.254902,0,1,-99,-99,-99,-99,-99,-99,-99,2.37,5.74,6.1,5.15,6.83,5.53,4.46,2.38,2.6,5.4,-99,-99,-99,3,2,2,2,15,1.63
devious,-,7,3,1,3.196803,2.60151,1.58622,1.745098,0,1,-99,-99,-99,-99,-99,-99,-99,2.35,4.44,5.22,4.2,6.52,4.01,4.16,1.67,1.92,2.86,-99,-99,-99,2,2,1,2,15,1.65
awkward,-,7,2,11,15.754246,17.731346,15.0869,14.313725,0,1,-99,-99,-99,-99,-99,-99,-99,2.29,4.98,6.12,4.53,6.24,5.09,4.33,2.39,1.42,3.52,-99,-99,-99,3,2,2,2,15,1.71
disdainful,-,10,3,2,0.809191,-99,2.44144,0.058824,0,1,-99,-99,-99,-99,-99,-99,-99,2.29,4.7,2.99,3.19,5.19,2.26,3.76,2.54,2.09,3.7,-99,-99,-99,1,2,2,2,15,1.71
insincere,-,9,3,1,0.679321,-99,-99,0.313725,0,1,-99,-99,-99,-99,-99,-99,-99,1.74,4.94,4.35,4.5,6.24,4.95,5.47,1.32,1.21,3.82,-99,-99,-99,1,1,1,2,15,2.26
